Keyword,Title,Company,Expiration,Link
python,Python Developer,Idego Group Sp. z o.o.About the company,to 03 may 2025,"https://www.pracuj.pl/praca/python-developer-gdynia-aleja-zwyciestwa-96-98,oferta,1004014688?s=ed9f9524&searchId=MTc0NDU3NDM3MzI4My4wODc2"
python,Senior Python Engineer with Graph databases,WINGED IT SP Z O OAbout the company,to 30 april 2025,"https://www.pracuj.pl/praca/senior-python-engineer-with-graph-databases-warszawa,oferta,1004002453?s=ed9f9524&searchId=MTc0NDU3NDM3MzI4My4wODc2&ref=top_boosterAI_L0_2_1_1"
python,Senior Python Developer with advanced networking knowledge,CODILIME SPÓŁKA Z OGRANICZONĄ ODPOWIEDZIALNOŚCIĄO firmie,do 11 maja 2025,"https://www.pracuj.pl/praca/senior-python-developer-with-advanced-networking-knowledge-warszawa-grzybowska-5a,oferta,1004033588?s=ed9f9524&searchId=MTc0NDU3NDM3MzI4My4wODc2&ref=top_boosterAI_L0_3_1_1"
python,Scala Developer,ALGOTEQUE SERVICES sp. z o.o.O firmie,do 01 maja 2025,"https://www.pracuj.pl/praca/scala-developer-warszawa-twarda-18,oferta,1004005998?s=ed9f9524&searchId=MTc0NDU3NDM3MzI4My4wODc2&ref=top_boosterAI_L0_4_1_1"
python,.NET + Python Developer,SQUARE ONE RESOURCES sp. z o.o.About the company,to 08 may 2025,"https://www.pracuj.pl/praca/net-%2b-python-developer-warszawa-pulawska-2,oferta,1004023486?s=ed9f9524&searchId=MTc0NDU3NDM3MzI4My4wODc2&ref=top_boosterAI_L0_5_1_1"
python,Python Developer - Senior Consultant AI,Green Minds Sp. z o.o.O firmie,do 10 maja 2025,"https://www.pracuj.pl/praca/python-developer-senior-consultant-ai-warszawa-konstruktorska-9,oferta,1004030744?s=ed9f9524&searchId=MTc0NDU3NDM3MzI4My4wODc2&ref=top_boosterAI_L0_6_1_1"
python,Senior Site Reliability Engineer,Edge One Solutions Sp. z o.o.O firmie,do 02 maja 2025,"https://www.pracuj.pl/praca/senior-site-reliability-engineer-warszawa,oferta,1004009504?s=ed9f9524&searchId=MTc0NDU3NDM3MzI4My4wODc2&ref=top_boosterAI_L0_7_1_1"
python,Python Developer,Idego Group Sp. z o.o.About the company,to 03 may 2025,"https://www.pracuj.pl/praca/python-developer-gdynia-aleja-zwyciestwa-96-98,oferta,1004014688?s=ed9f9524&searchId=MTc0NDU3NDM3MzI4My4wODc2"
python,Senior Python Developer (ML & Hadoop),BRAVER IT SPÓŁKA AKCYJNAAbout the company,to 10 may 2025,"https://www.pracuj.pl/praca/senior-python-developer-ml-hadoop-warszawa,oferta,1004030951?s=ed9f9524&searchId=MTc0NDU3NDM3MzI4My4wODc2"
python,Programista / Programistka Python,ALLEO.NETO firmie,do 03 maja 2025,"https://www.pracuj.pl/praca/programista-programistka-python-kielce,oferta,1004014473?s=ed9f9524&searchId=MTc0NDU3NDM3MzI4My4wODc2"
python,Lead Python Backend Engineer,Reef TechnologiesAbout the company,to 20 april 2025,"https://www.pracuj.pl/praca/lead-python-backend-engineer-warszawa-pulawska-39,oferta,1003985521?s=ed9f9524&searchId=MTc0NDU3NDM3MzI4My4wODc2"
python,Senior Python Backend Engineer,Reef TechnologiesAbout the company,to 20 april 2025,"https://www.pracuj.pl/praca/senior-python-backend-engineer-warszawa-pulawska-39,oferta,1003985518?s=ed9f9524&searchId=MTc0NDU3NDM3MzI4My4wODc2"
python,Senior Full-Stack Engineer (Python + React),KUBOAbout the company,to 24 april 2025,"https://www.pracuj.pl/praca/senior-full-stack-engineer-python-%2b-react-warszawa,oferta,1003991696?s=ed9f9524&searchId=MTc0NDU3NDM3MzI4My4wODc2"
python,Scala / Python Developer with AWS,SQUARE ONE RESOURCES sp. z o.o.About the company,to 07 may 2025,"https://www.pracuj.pl/praca/scala-python-developer-with-aws-warszawa-pulawska-2,oferta,1004020765?s=ed9f9524&searchId=MTc0NDU3NDM3MzI4My4wODc2"
python,Software Engineer for AI Solutions (Python),Robert Bosch Sp. z o.o.About the company,to 03 may 2025,"https://www.pracuj.pl/praca/software-engineer-for-ai-solutions-python-warszawa-jutrzenki-105,oferta,1004012914?s=ed9f9524&searchId=MTc0NDU3NDM3MzI4My4wODc2"
python,Python Developer + DevOps,ITDS Polska Sp. z o.o.About the company,to 01 may 2025,"https://www.pracuj.pl/praca/python-developer-%2b-devops-warszawa,oferta,1004006089?s=ed9f9524&searchId=MTc0NDU3NDM3MzI4My4wODc2"
python,Senior Python Developer,ASCENDION ENGINEERING SOLUTIONS POLAND SP. Z O.O.About the company,to 18 april 2025,"https://www.pracuj.pl/praca/senior-python-developer-warszawa,oferta,1003977734?s=ed9f9524&searchId=MTc0NDU3NDM3MzI4My4wODc2"
python,Golang Developer + DevOps,ITDS Polska Sp. z o.o.About the company,to 03 may 2025,"https://www.pracuj.pl/praca/golang-developer-%2b-devops-warszawa,oferta,1004013655?s=ed9f9524&searchId=MTc0NDU3NDM3MzI4My4wODc2&ref=between_offers_boosterAI_L0_8_1_1"
